{
    "$schema": "https://schema.management.azure.com/schemas/2015-01-01/deploymentParameters.json#",
    "contentVersion": "1.0.0.0",
    "parameters": {
        "clusterName": {
            "value": "provaexam"
        },
        "location": {
            "value": "italynorth"
        },
        "clusterWorkerNodeCount": {
            "value": 2
        },
        "clusterKind": {
            "value": "HADOOP"
        },
        "clusterVersion": {
            "value": "5.1"
        },
        "sshUserName": {
            "value": "sshuser"
        },
        "clusterLoginUserName": {
            "value": "admin"
        },
        "clusterLoginPassword": {
            "value": null
        },
        "sshPassword": {
            "value": null
        },
        "minTlsVersionNumber": {
            "value": "1.2"
        },
        "isEncryptionInTransitEnabled": {
            "value": true
        }
    }
}