{
    "$schema": "http://schema.management.azure.com/schemas/2014-04-01-preview/deploymentTemplate.json#",
    "contentVersion": "0.9.0.0",
    "parameters": {
        "clusterName": {
            "type": "string",
            "metadata": {
                "description": "The name of the HDInsight cluster to create."
            }
        },
        "location": {
            "type": "string",
            "defaultValue": "italynorth",
            "metadata": {
                "description": "The location where all azure resources will be deployed."
            }
        },
        "clusterVersion": {
            "type": "string",
            "defaultValue": "5.1",
            "metadata": {
                "description": "HDInsight cluster version."
            }
        },
        "clusterWorkerNodeCount": {
            "type": "int",
            "defaultValue": 2,
            "metadata": {
                "description": "The number of nodes in the HDInsight cluster."
            }
        },
        "clusterKind": {
            "type": "string",
            "defaultValue": "HADOOP",
            "metadata": {
                "description": "The type of the HDInsight cluster to create."
            }
        },
        "sshUserName": {
            "type": "string",
            "defaultValue": "sshuser",
            "metadata": {
                "description": "These credentials can be used to remotely access the cluster."
            }
        },
        "clusterLoginUserName": {
            "type": "string",
            "defaultValue": "admin",
            "metadata": {
                "description": "These credentials can be used to submit jobs to the cluster and to log into cluster dashboards."
            }
        },
        "clusterLoginPassword": {
            "type": "securestring",
            "metadata": {
                "description": "The password must be at least 10 characters in length and must contain at least one digit, one non-alphanumeric character, and one upper or lower case letter."
            }
        },
        "sshPassword": {
            "type": "securestring",
            "metadata": {
                "description": "The password must be at least 10 characters in length and must contain at least one digit, one non-alphanumeric character, and one upper or lower case letter."
            }
        },
        "minTlsVersionNumber": {
            "type": "string"
        },
        "isEncryptionInTransitEnabled": {
            "type": "bool"
        }
    },
    "resources": [
        {
            "apiVersion": "2023-04-15-preview",
            "name": "[parameters('clusterName')]",
            "type": "Microsoft.HDInsight/clusters",
            "location": "[parameters('location')]",
            "dependsOn": [],
            "tags": {},
            "zones": null,
            "properties": {
                "clusterVersion": "[parameters('clusterVersion')]",
                "osType": "Linux",
                "tier": "standard",
                "clusterDefinition": {
                    "kind": "[parameters('clusterKind')]",
                    "componentVersion": {
                        "Hadoop": "3.3"
                    },
                    "configurations": {
                        "gateway": {
                            "restAuthCredential.isEnabled": true,
                            "restAuthCredential.username": "[parameters('clusterLoginUserName')]",
                            "restAuthCredential.password": "[parameters('clusterLoginPassword')]"
                        }
                    }
                },
                "storageProfile": {
                    "storageaccounts": [
                        {
                            "name": "provaexamhdistorage.blob.core.windows.net",
                            "isDefault": true,
                            "container": "provaexam-2025-05-25t08-47-49-404z",
                            "key": "[listKeys('/subscriptions/413b19fe-e7f9-47a8-b290-00767f110247/resourceGroups/iotexam2025/providers/Microsoft.Storage/storageAccounts/provaexamhdistorage', '2015-05-01-preview').key1]",
                            "resourceId": "/subscriptions/413b19fe-e7f9-47a8-b290-00767f110247/resourceGroups/iotexam2025/providers/Microsoft.Storage/storageAccounts/provaexamhdistorage",
                            "enableSecureChannel": true
                        }
                    ]
                },
                "computeProfile": {
                    "roles": [
                        {
                            "autoscale": null,
                            "name": "headnode",
                            "minInstanceCount": 1,
                            "targetInstanceCount": 2,
                            "hardwareProfile": {
                                "vmSize": "Standard_E2_V3"
                            },
                            "osProfile": {
                                "linuxOperatingSystemProfile": {
                                    "username": "[parameters('sshUserName')]",
                                    "password": "[parameters('sshPassword')]"
                                },
                                "windowsOperatingSystemProfile": null
                            },
                            "virtualNetworkProfile": null,
                            "scriptActions": [],
                            "dataDisksGroups": null
                        },
                        {
                            "autoscale": null,
                            "name": "workernode",
                            "targetInstanceCount": 2,
                            "hardwareProfile": {
                                "vmSize": "Standard_E2_V3"
                            },
                            "osProfile": {
                                "linuxOperatingSystemProfile": {
                                    "username": "[parameters('sshUserName')]",
                                    "password": "[parameters('sshPassword')]"
                                },
                                "windowsOperatingSystemProfile": null
                            },
                            "virtualNetworkProfile": null,
                            "scriptActions": [],
                            "dataDisksGroups": null
                        },
                        {
                            "autoscale": null,
                            "name": "zookeepernode",
                            "minInstanceCount": 1,
                            "targetInstanceCount": 3,
                            "hardwareProfile": {
                                "vmSize": "Standard_A2_V2"
                            },
                            "osProfile": {
                                "linuxOperatingSystemProfile": {
                                    "username": "[parameters('sshUserName')]",
                                    "password": "[parameters('sshPassword')]"
                                },
                                "windowsOperatingSystemProfile": null
                            },
                            "virtualNetworkProfile": null,
                            "scriptActions": [],
                            "dataDisksGroups": null
                        }
                    ]
                },
                "minSupportedTlsVersion": "[parameters('minTlsVersionNumber')]",
                "encryptionInTransitProperties": {
                    "isEncryptionInTransitEnabled": "[parameters('isEncryptionInTransitEnabled')]"
                }
            }
        }
    ]
}